Date,Open,High,Low,Close,Adj Close,Volume
3/6/2019,302300,303548,301200,301375,301375,100
3/7/2019,300800,301000,297500,299050,299050,300
3/8/2019,297000,299161,295900,299000,299000,200
3/11/2019,300000,303451,300000,303279,303279,200
3/12/2019,304200,305540,303725,304235,304235,200
3/13/2019,304500,308026,304355,306300,306300,400
3/14/2019,305360,306555,304300,305350,305350,100
3/15/2019,306440,309171,306000,307250,307250,300
3/18/2019,308140,310394,308140,309996,309996,300
3/19/2019,311100,311299,307100,307900,307900,200
3/20/2019,307900,307922,304850,305505,305505,200
3/21/2019,304000,307120,303390,307120,307120,200
3/22/2019,305940,305940,300717,301225,301225,300
3/25/2019,301227,303410,297900,299380,299380,300
3/26/2019,301425,302018,298500,300961,300961,200
3/27/2019,300851,301481,297900,299764,299764,300
3/28/2019,300050,301250,298400,301250,301250,200
3/29/2019,302500,302579,300152,301215,301215,500
4/1/2019,302800,307930,302800,307800,307800,400
4/2/2019,307000,307900,305417,306000,306000,200
4/3/2019,308000,308240,304600,305750,305750,200
4/4/2019,305250,307385,305100,306461,306461,300
4/5/2019,305495,308375,305495,307776,307776,300
4/8/2019,307674,308598,306185,307461,307461,100
4/9/2019,306820,307380,305600,307380,307380,100
4/10/2019,307700,307700,305600,307000,307000,200
4/11/2019,308074,310500,306899,309875,309875,200
4/12/2019,311000,317226,311000,314250,314250,200
4/15/2019,315000,315345,311570,314500,314500,200
4/16/2019,315000,317500,315000,317500,317500,100
4/17/2019,318000,318519,314694,316040,316040,100
4/18/2019,316620,317003,314610,315330,315330,100
4/22/2019,313800,315310,313460,314100,314100,100
4/23/2019,313865,317730,313756,317684,317684,200
4/24/2019,317025,317703,315561,316000,316000,200
4/25/2019,314900,319015,314295,318500,318500,300
4/26/2019,318505,321494,318420,321000,321000,400
4/29/2019,322000,325845,322000,324921,324921,400
4/30/2019,325000,325615,322294,325080,325080,200
5/1/2019,325700,328013,324926,325900,325900,300
5/2/2019,325000,326557,322861,324214,324214,200
5/3/2019,326000,328555,325385,327766,327766,200
5/6/2019,322100,322250,317390,320000,320000,600
5/7/2019,316400,317755,312000,315120,315120,700
5/8/2019,314900,324000,312500,314750,314750,400
5/9/2019,313500,314890,308325,314400,314400,400
5/10/2019,310850,315910,308601,315500,315500,400
5/13/2019,309750,311000,308360,308360,308360,500
5/14/2019,310100,312081,306666,306850,306850,300
5/15/2019,306000,307595,303475,305580,305580,200
5/16/2019,308000,311000,307690,307936,307936,200
5/17/2019,305450,309023,305150,306355,306355,100
5/20/2019,305100,305975,304138,305362,305362,100
5/21/2019,306000,307481,305400,306225,306225,200
5/22/2019,305234,306355,304188,304300,304300,100
5/23/2019,303000,304200,300593,304115,304115,400
5/24/2019,304540,305000,302850,303000,303000,100
5/28/2019,304350,304500,301000,301050,301050,300
5/29/2019,300100,300810,298070,299860,299860,400
5/30/2019,300025,301662,300025,300877,300877,200
5/31/2019,298000,299339,296800,297060,297060,300
6/3/2019,297000,299775,296623,299742,299742,300
6/4/2019,301790,304000,301500,304000,304000,200
6/5/2019,305300,306543,303400,306400,306400,200
6/6/2019,305800,308566,305200,307900,307900,400
6/7/2019,310000,310500,308940,309265,309265,300
6/10/2019,310460,312500,310280,311524,311524,200
6/11/2019,313190,313600,309315,310238,310238,200
6/12/2019,309250,310086,306465,307196,307196,200
6/13/2019,307000,308550,306795,307445,307445,200
6/14/2019,306695,308800,306320,308206,308206,100
6/17/2019,308206,308206,305000,305480,305480,100
6/18/2019,306915,309800,306410,308885,308885,300
6/19/2019,309740,312450,309550,310966,310966,300
6/20/2019,312600,313000,309120,312900,312900,300
6/21/2019,311378,313100,309000,309000,309000,300
6/24/2019,309000,311300,309000,310650,310650,200
6/25/2019,310500,312700,309513,312700,312700,300
6/26/2019,312385,315000,312350,312705,312705,200
6/27/2019,313200,318750,313200,318285,318285,400
6/28/2019,319400,319960,317107,318350,318350,300
7/1/2019,321032,322700,319943,321891,321891,400
7/2/2019,320600,323250,320413,321515,321515,200
7/3/2019,321815,322900,319120,322900,322900,200
7/5/2019,322600,323642,320918,323149,323149,200
7/8/2019,321400,323567,320974,322451,322451,100
7/9/2019,321000,322347,319500,322200,322200,100
7/10/2019,322500,324711,320591,320591,320591,200
7/11/2019,320905,321883,319453,319837,319837,400
7/12/2019,319750,321093,318832,321093,321093,100
7/15/2019,321500,321500,319455,320300,320300,100
7/16/2019,321040,322300,319250,319273,319273,200
7/17/2019,318325,318500,311115,311600,311600,500
7/18/2019,310770,313595,310770,312003,312003,600
7/19/2019,312600,312875,309200,309218,309218,300
7/22/2019,308500,309500,306623,307135,307135,300
7/23/2019,309192,309850,307600,309340,309340,300
7/24/2019,308750,312000,308675,312000,312000,200
7/25/2019,312000,312290,309980,310750,310750,200
7/26/2019,310977,315000,310275,315000,315000,200
7/29/2019,314833,314833,312977,313529,313529,200
7/30/2019,311650,312822,310805,312430,312430,200
7/31/2019,312000,314390,308666,308666,308666,200
8/1/2019,310250,311000,303200,303660,303660,300
8/2/2019,304170,306960,300132,306000,306000,200
8/5/2019,300150,302490,297500,297785,297785,500
8/6/2019,300000,316000,298255,302325,302325,300
8/7/2019,298000,300196,294511,299182,299182,300
8/8/2019,300000,302409,298700,301905,301905,200
8/9/2019,301000,301910,298110,300435,300435,300
8/12/2019,297850,300673,297100,298001,298001,100
8/13/2019,297799,302828,297250,299510,299510,200
8/14/2019,296100,296850,295000,295000,295000,200
8/15/2019,296600,299500,296076,298067,298067,200
8/16/2019,300260,301743,298687,300555,300555,100
8/19/2019,305000,305000,301055,301414,301414,200
8/20/2019,300700,301045,297505,297505,297505,100
8/21/2019,298700,300100,298567,299305,299305,300
8/22/2019,300000,302801,300000,302260,302260,300
8/23/2019,300200,301200,295405,296922,296922,500
8/26/2019,298100,300899,297540,300899,300899,200
8/27/2019,300821,302000,298000,298420,298420,200
8/28/2019,297955,301300,297387,300990,300990,200
8/29/2019,303400,305975,303100,305040,305040,300
8/30/2019,306750,306829,303078,303078,303078,200
9/3/2019,302200,302920,300731,301356,301356,200
9/4/2019,304200,304419,302500,303300,303300,100
9/5/2019,306000,309200,306000,306066,306066,200
9/6/2019,307250,307775,306000,307260,307260,200
9/9/2019,308799,311626,308799,309701,309701,200
9/10/2019,311100,312300,309400,311950,311950,300
9/11/2019,312250,316500,311575,316230,316230,400
9/12/2019,316970,319200,316675,317182,317182,500
9/13/2019,319000,321833,318400,320850,320850,400
9/16/2019,318101,318101,315345,315807,315807,100
9/17/2019,315807,316666,313220,315744,315744,200
9/18/2019,313950,317030,313950,317030,317030,200
9/19/2019,316400,317100,313500,315000,315000,100
9/20/2019,315000,315000,311500,313700,313700,400
9/23/2019,311150,313235,309971,313225,313225,200
9/24/2019,312000,313423,308885,310356,310356,200
9/25/2019,309750,312330,309700,311906,311906,100
9/26/2019,311906,311906,309671,310250,310250,300
9/27/2019,311880,312325,310055,311450,311450,100
9/30/2019,311450,312970,311390,311832,311832,200
10/1/2019,313100,314605,309830,310005,310005,200
10/2/2019,308600,308600,303665,305090,305090,700
10/3/2019,304585,307600,302260,307250,307250,600
10/4/2019,307887,312524,307887,312524,312524,200
10/7/2019,311000,312360,309555,310720,310720,100
10/8/2019,309400,309400,306040,306539,306539,400
10/9/2019,307660,310815,307133,310000,310000,200
10/10/2019,309700,312120,309540,309974,309974,200
10/11/2019,313270,315000,312120,312500,312500,400
10/14/2019,311700,311971,310500,311640,311640,100
10/15/2019,311583,315287,311567,314250,314250,300
10/16/2019,312725,314925,312725,313850,313850,200
10/17/2019,313640,314900,312970,313200,313200,200
10/18/2019,312807,314400,312595,313270,313270,200
10/21/2019,315275,317133,315275,317040,317040,300
10/22/2019,316300,317867,315888,316180,316180,100
10/23/2019,316000,316560,314398,316560,316560,300
10/24/2019,315250,316855,314619,315027,315027,300
10/25/2019,315250,318419,315250,317495,317495,400
10/28/2019,318000,319923,318000,319055,319055,400
10/29/2019,318200,319772,318000,319423,319423,500
10/30/2019,318735,320015,317490,320000,320000,400
10/31/2019,319819,320500,317310,318939,318939,500
11/1/2019,320250,324850,320000,323400,323400,500
11/4/2019,326850,327867,325523,326800,326800,300
11/5/2019,328000,332500,327500,331500,331500,800
11/6/2019,331000,333000,330500,332855,332855,400
11/7/2019,333720,335000,332600,333860,333860,500
11/8/2019,333225,333234,329975,331526,331526,200
11/11/2019,330380,331650,330380,330986,330986,100
11/12/2019,331850,333171,330950,331106,331106,100
11/13/2019,329150,330025,328240,329402,329402,200
11/14/2019,329500,329892,327120,329302,329302,200
11/15/2019,329400,330269,328455,329405,329405,300
11/18/2019,330000,330500,327800,329225,329225,200
11/19/2019,329860,329900,328315,328601,328601,300
11/20/2019,327600,327770,324200,326712,326712,300
11/21/2019,326000,326703,324580,325102,325102,200
11/22/2019,325695,326975,325305,326962,326962,100
11/25/2019,328000,328900,327521,328301,328301,200
11/26/2019,328301,328794,326780,328402,328402,200
11/27/2019,328875,330910,327720,330685,330685,300
11/29/2019,330424,330880,329705,330495,330495,300
12/2/2019,330802,332008,330374,330609,330609,300
12/3/2019,327600,328000,324900,327539,327539,200
12/4/2019,326782,328100,326780,327501,327501,200
12/5/2019,328200,329799,327500,329799,329799,200
12/6/2019,332870,334460,332600,333640,333640,400
12/9/2019,333640,334998,331770,331904,331904,200
12/10/2019,331904,333005,330670,332120,332120,500
12/11/2019,331424,333900,331424,333600,333600,300
12/12/2019,334330,339770,334330,338800,338800,600
12/13/2019,337754,339704,336000,338080,338080,200
12/16/2019,339850,341785,339313,340380,340380,300
12/17/2019,340807,342250,339000,339000,339000,300
12/18/2019,340250,340646,337400,337500,337500,200
12/19/2019,337320,338499,336065,337491,337491,500
12/20/2019,340219,341755,338567,339850,339850,300
12/23/2019,339000,339850,337633,338045,338045,200
12/24/2019,337920,338390,337649,338390,338390,100
12/26/2019,339725,339725,338439,339650,339650,100
12/27/2019,339600,340550,338340,338920,338920,200
12/30/2019,339000,339960,337025,338750,338750,300
12/31/2019,338750,340000,337920,339590,339590,100
1/2/2020,341150,342261,340065,342261,342261,400
1/3/2020,338207,341040,337755,339155,339155,200
1/6/2020,337750,340340,337100,340210,340210,300
1/7/2020,340000,340000,338200,338901,338901,300
1/8/2020,339450,341580,338850,339188,339188,200
1/9/2020,341100,343263,340800,343263,343263,300
1/10/2020,342796,342850,340000,340185,340185,100
1/13/2020,340600,342855,339560,342855,342855,200
1/14/2020,341101,342500,340490,340706,340706,200
1/15/2020,340450,342950,340450,342550,342550,100
1/16/2020,343155,345000,342806,344505,344505,200
1/17/2020,345000,347400,344550,344970,344970,200
1/21/2020,345000,346700,342185,342650,342650,300
1/22/2020,343100,345500,342680,344700,344700,200
1/23/2020,343596,344600,341150,344414,344414,200
1/24/2020,342850,343520,339139,340199,340199,300
1/27/2020,334450,335450,332000,333621,333621,500
1/28/2020,335600,338000,335032,336000,336000,200
1/29/2020,336250,339400,336250,336476,336476,100
1/30/2020,334360,342000,334360,342000,342000,200
1/31/2020,339855,339855,335120,335996,335996,300
2/3/2020,338160,339450,334580,334860,334860,200
2/4/2020,339220,340296,337280,337421,337421,200
2/5/2020,340400,342910,340359,342615,342615,300
2/6/2020,344290,345000,343070,344081,344081,200
2/7/2020,342000,342775,340345,340900,340900,200
2/10/2020,340904,341078,338000,340361,340361,200
2/11/2020,342350,342350,340461,340780,340780,200
2/12/2020,341900,343146,340404,341000,341000,200
2/13/2020,340500,341048,338500,338500,338500,300
2/14/2020,339488,340600,338437,340224,340224,100
2/18/2020,340224,341000,338000,339745,339745,200
2/19/2020,340656,344428,340317,344000,344000,300
2/20/2020,343750,344642,340965,342122,342122,300
2/21/2020,341850,344975,340600,343449,343449,200
2/24/2020,335000,336163,330940,333190,333190,700
2/25/2020,333195,335000,325900,328000,328000,600
2/26/2020,328200,330603,324301,324301,324301,400
2/27/2020,320480,322292,312501,312619,312619,500
2/28/2020,304000,310337,300750,309096,309096,700
3/2/2020,314000,327937,308100,324500,324500,500
3/3/2020,322550,327000,310000,313914,313914,400
3/4/2020,321000,327246,314607,326125,326125,400
3/5/2020,318605,318605,311250,315000,315000,400
3/6/2020,309000,311258,304767,310894,310894,500
3/9/2020,292300,298670,290000,290005,290005,1100
3/10/2020,301950,304199,293500,303561,303561,700
3/11/2020,296550,297473,290400,292130,292130,600
3/12/2020,276550,282000,266800,272000,272000,1900
3/13/2020,283500,295972,270210,289000,289000,1100
3/16/2020,260000,283480,260000,268000,268000,700
3/17/2020,275000,280619,268000,280248,280248,1200
3/18/2020,266000,270874,251101,256300,256300,1500
3/19/2020,251100,264440,250000,261690,261690,1100
3/20/2020,265000,265000,251000,257346,257346,1200
3/23/2020,249000,250000,239440,240000,240000,1300
3/24/2020,255226,268500,254500,267090,267090,1200
3/25/2020,269200,283325,262710,270759,270759,1000
3/26/2020,270800,277163,269500,276095,276095,800
3/27/2020,267600,276363,265337,268126,268126,600
3/30/2020,269410,276000,267020,274021,274021,400
3/31/2020,272636,279140,270845,272000,272000,500
4/1/2020,265900,267850,261180,261250,261250,900
4/2/2020,262131,271475,261895,271475,271475,900
4/3/2020,268700,270205,263242,267954,267954,300
4/6/2020,273001,279500,271444,277260,277260,600
4/7/2020,285010,287000,276700,276700,276700,700
4/8/2020,280850,287000,278280,286999,286999,400
4/9/2020,290950,295765,287220,290500,290500,600
4/13/2020,290950,290950,279060,282800,282800,600
4/14/2020,291400,291533,286393,289730,289730,700
4/15/2020,284500,284500,281201,283750,283750,600
4/16/2020,283750,283751,278800,282282,282282,800
4/17/2020,289585,289585,283600,284400,284400,800
4/20/2020,282200,283800,281000,282800,282800,700
4/21/2020,275950,278610,275000,275750,275750,700
4/22/2020,280000,280888,278000,279660,279660,700
4/23/2020,280000,280888,277268,278750,278750,600
4/24/2020,280100,280130,276602,279460,279460,500
4/27/2020,280911,284039,279855,281264,281264,800
4/28/2020,285400,286480,280600,280600,280600,600
4/29/2020,286400,288888,283800,284749,284749,800
4/30/2020,283200,284453,280280,281700,281700,500
5/1/2020,278121,278710,272520,273975,273975,600
5/4/2020,270000,270000,265000,267080,267080,600
5/5/2020,269999,270000,264280,264280,264280,500
5/6/2020,265000,266400,259100,259100,259100,500
5/7/2020,260110,263710,260110,260750,260750,400
5/8/2020,264566,266105,261990,265280,265280,300
5/11/2020,264320,264398,260901,261601,261601,400
5/12/2020,262701,263800,260000,260000,260000,300
5/13/2020,259499,259499,255000,255715,255715,600
5/14/2020,254000,257262,250926,256230,256230,400
5/15/2020,254586,256100,252801,253501,253501,300
5/18/2020,260000,265002,258511,262900,262900,600
5/19/2020,260800,262200,258700,258700,258700,300
5/20/2020,261880,265130,261500,264100,264100,200
5/21/2020,264200,264930,261641,261906,261906,300
5/22/2020,262000,263094,259990,263094,263094,300
5/26/2020,269900,272500,268095,270330,270330,600
5/27/2020,276755,279000,275850,278495,278495,500
5/28/2020,280899,280899,276000,277035,277035,400
5/29/2020,275000,278640,273850,278640,278640,400
6/1/2020,278167,278167,275000,275600,275600,300
6/2/2020,275601,279410,275601,278560,278560,400
6/3/2020,283100,287370,281800,286090,286090,400
6/4/2020,285804,288000,284377,287878,287878,300
6/5/2020,294505,302095,294200,300920,300920,600
6/8/2020,303594,304990,299400,302235,302235,600
6/9/2020,295501,298220,293799,293955,293955,400
6/10/2020,293900,294493,287200,287200,287200,400
6/11/2020,277750,280280,267000,267729,267729,900
6/12/2020,275730,276800,267593,271515,271515,600
6/15/2020,266400,272530,264030,271956,271956,800
6/16/2020,279945,279945,270000,273480,273480,900
6/17/2020,274849,275000,270870,275000,275000,800
6/18/2020,270500,273000,269300,273000,273000,800
6/19/2020,274160,274429,268807,271600,271600,900
6/22/2020,269047,272000,268200,272000,272000,900
6/23/2020,272750,273790,271115,272700,272700,900
6/24/2020,269800,269800,266200,266440,266440,700
6/25/2020,265000,269678,264611,267840,267840,400
6/26/2020,267500,268109,262700,263400,263400,800
6/29/2020,264320,265803,263600,265219,265219,400
6/30/2020,265400,268600,265067,267300,267300,500
7/1/2020,267600,270500,266357,267020,267020,400
7/2/2020,270800,271500,267420,267551,267551,500
7/6/2020,274180,275080,272600,274050,274050,500
7/7/2020,272830,273870,271057,271640,271640,400
7/8/2020,271000,273664,270076,271770,271770,300
7/9/2020,271770,272220,267307,268780,268780,400
7/10/2020,268238,274450,268000,273900,273900,300
7/13/2020,275540,278640,275100,276015,276015,500
7/14/2020,274000,285000,274000,284780,284780,400
7/15/2020,289500,289730,283620,285520,285520,500
7/16/2020,282560,287770,282560,286271,286271,300
7/17/2020,287540,288170,285972,286140,286140,300
7/20/2020,285400,286900,284450,285590,285590,200
7/21/2020,286721,290170,286600,288201,288201,500
7/22/2020,287000,288319,286211,287961,287961,200
7/23/2020,287961,290084,287436,289436,289436,300
7/24/2020,290684,294254,290521,291621,291621,300
7/27/2020,290590,290692,287850,288107,288107,300
7/28/2020,286000,291720,286000,290940,290940,300
7/29/2020,290940,294870,290940,294496,294496,300
7/30/2020,290335,291927,288610,291362,291362,200
7/31/2020,291750,293798,290150,293631,293631,300
8/3/2020,295000,301000,294510,298800,298800,500
8/4/2020,298000,300330,297470,300330,300330,300
8/5/2020,301871,306970,301200,305200,305200,600
8/6/2020,305000,308000,304820,307455,307455,41400
8/7/2020,305681,314365,305681,314334,314334,400
8/10/2020,316820,319250,314240,318830,318830,400
8/11/2020,322500,323500,318500,319380,319380,500
8/12/2020,320255,321229,318801,320000,320000,400
8/13/2020,318500,319810,317471,318114,318114,300
8/14/2020,317300,318000,315402,316251,316251,200
8/17/2020,315139,315500,309747,310220,310220,400
8/18/2020,310910,314800,310700,313419,313419,200
8/19/2020,313745,315300,310412,310800,310800,300
8/20/2020,307376,310107,307376,309300,309300,300
8/21/2020,309000,312600,309000,311126,311126,400
8/24/2020,315100,320000,314501,318800,318800,400
8/25/2020,320300,321001,319534,319970,319970,300
8/26/2020,319600,323939,318900,322301,322301,400
8/27/2020,323700,327000,323700,325659,325659,600
8/28/2020,325950,328279,323570,327431,327431,300
8/31/2020,327500,329299,326900,327560,327560,500
9/1/2020,325500,327560,325336,327440,327440,300
9/2/2020,328175,333010,327507,332840,332840,400
9/3/2020,332850,334960,325522,327360,327360,600
9/4/2020,330000,332674,323364,327401,327401,400
9/8/2020,324940,328859,323431,327200,327200,400
9/9/2020,328500,332482,328175,329760,329760,400
9/10/2020,330200,331000,326156,327214,327214,400
9/11/2020,328240,328946,325607,327115,327115,400
9/14/2020,328430,332000,327521,329725,329725,500
9/15/2020,330545,332500,328016,328804,328804,400
9/16/2020,331000,333300,329312,329801,329801,600
9/17/2020,327000,328225,325234,326401,326401,400
9/18/2020,328300,331660,327000,327601,327601,800
9/21/2020,321266,323000,313580,319534,319534,500
9/22/2020,320500,322000,318017,320601,320601,300
9/23/2020,321485,322284,314540,314840,314840,200
9/24/2020,313203,315500,310644,313780,313780,300
9/25/2020,311450,316562,310591,315156,315156,200
9/28/2020,319900,323297,318702,320061,320061,500
9/29/2020,321900,321900,315200,315891,315891,600
9/30/2020,318800,320500,316491,320001,320001,700
10/1/2020,321219,321219,316203,318600,318600,600
10/2/2020,315415,320575,314612,317480,317480,300
10/5/2020,319707,321000,318202,319000,319000,300
10/6/2020,319000,320400,315100,315350,315350,300
10/7/2020,319000,322089,317602,319571,319571,200
10/8/2020,321125,323670,320447,323275,323275,300
10/9/2020,323709,324537,321687,323470,323470,200
10/12/2020,324650,326150,323378,324560,324560,200
10/13/2020,324000,324000,318400,318969,318969,300
10/14/2020,319088,319088,316080,316080,316080,300
10/15/2020,314750,318200,312980,317540,317540,100
10/16/2020,319000,320761,318217,318504,318504,200
10/19/2020,318819,318819,312945,313500,313500,300
10/20/2020,316184,317280,314621,315375,315375,200
10/21/2020,313500,317500,313450,315206,315206,200
10/22/2020,314680,317619,314380,317180,317180,200
10/23/2020,318672,320999,317991,319344,319344,300
10/26/2020,314850,315500,311100,312735,312735,300
10/27/2020,311630,313142,310540,310540,310540,200
10/28/2020,304720,305995,300090,301740,301740,500
10/29/2020,300420,304907,297817,303000,303000,200
10/30/2020,300060,303700,298806,302500,302500,200
11/2/2020,307500,309542,305242,306375,306375,200
11/3/2020,312300,314780,310000,310659,310659,400
11/4/2020,310194,315300,307830,309503,309503,200
11/5/2020,314269,316426,311284,311934,311934,200
11/6/2020,312250,315310,311917,313885,313885,200
11/9/2020,333000,337600,327033,330600,330600,1100
11/10/2020,332000,343000,331977,343000,343000,600
11/11/2020,342433,343705,338224,341260,341260,400
11/12/2020,337800,338339,335186,336811,336811,300
11/13/2020,338000,342269,338000,341754,341754,300
11/16/2020,345000,350000,344846,349540,349540,700
11/17/2020,347000,352500,345417,349546,349546,600
11/18/2020,351900,351900,345500,345592,345592,300
11/19/2020,343634,345000,341897,345000,345000,200
11/20/2020,343800,344849,340728,341339,341339,200
11/23/2020,343500,345733,342380,344415,344415,300
11/24/2020,349580,352450,347310,351101,351101,400
11/25/2020,350939,351000,348446,350395,350395,300
11/27/2020,350444,351040,346200,347401,347401,200
11/30/2020,346000,346299,342672,343688,343688,200
12/1/2020,346480,348272,344479,344735,344735,200
12/2/2020,344300,345929,342900,345880,345880,300
12/3/2020,345500,347300,343602,346690,346690,200
12/4/2020,347000,348000,345900,347000,347000,600
12/7/2020,344785,345500,342600,343539,343539,600
12/8/2020,341888,343191,340126,342281,342281,300
12/9/2020,342526,343000,340300,340501,340501,300
12/10/2020,339750,341942,339061,340500,340500,300
12/11/2020,338440,340415,337167,340064,340064,200
12/14/2020,342200,342200,334041,335400,335400,400
12/15/2020,336494,338920,334643,337154,337154,500
12/16/2020,337154,338559,333333,338500,338500,700
12/17/2020,335000,339804,333150,339804,339804,900
12/18/2020,338000,338468,333865,337900,337900,700
12/21/2020,333650,338419,333650,338419,338419,500
12/22/2020,335535,336615,334500,335779,335779,500
12/23/2020,336400,338533,336400,336700,336700,400
12/24/2020,337000,341000,337000,340262,340262,200
12/28/2020,342000,345250,341445,342601,342601,500
12/29/2020,345144,346677,343975,344820,344820,300
12/30/2020,344410,346111,343917,345095,345095,200
12/31/2020,344302,348500,343806,347815,347815,300
1/4/2021,347825,347825,340816,343525,343525,400
1/5/2021,343900,344715,340850,341820,341820,300
1/6/2021,343000,349000,342000,346189,346189,900
1/7/2021,347900,351000,347120,350089,350089,300
1/8/2021,350500,352039,348100,352039,352039,200
1/11/2021,348100,351141,348073,350050,350050,200
1/12/2021,350050,351250,348250,350460,350460,200
1/13/2021,349147,353194,348140,353194,353194,300
1/14/2021,353100,353698,351574,352801,352801,100
1/15/2021,350540,352500,348500,350320,350320,300
1/19/2021,351177,354837,348070,352474,352474,300
1/20/2021,351975,353350,350639,352801,352801,300
1/21/2021,354200,354835,352400,354000,354000,500
1/22/2021,351800,351800,349500,350620,350620,300
1/25/2021,349000,352085,347250,351900,351900,400
1/26/2021,350191,351800,349025,349200,349200,200
1/27/2021,346145,346645,341119,343450,343450,500
1/28/2021,344340,351976,344340,348220,348220,400
1/29/2021,344749,346355,343000,344100,344100,300
2/1/2021,345000,346945,344250,346175,346175,300
2/2/2021,348300,352000,348300,350201,350201,400
2/3/2021,350200,351086,349250,350701,350701,200
2/4/2021,351700,355000,351192,354760,354760,400
2/5/2021,355750,356500,353846,354401,354401,300
2/8/2021,355000,357100,354401,357100,357100,300
2/9/2021,356588,362395,355021,362200,362200,600
2/10/2021,363145,363232,360556,361290,361290,300
2/11/2021,361061,362300,360109,361650,361650,200
2/12/2021,359750,365725,359750,365000,365000,400
2/16/2021,367658,372661,366000,369333,369333,900
2/17/2021,368560,370873,368560,370500,370500,500
2/18/2021,368885,370000,364760,367400,367400,1300
2/19/2021,368865,369334,364000,364400,364400,1300
2/22/2021,363380,371000,362860,369250,369250,1700
2/23/2021,370488,371800,367236,371055,371055,2900
2/24/2021,371183,376315,371123,375000,375000,2600
2/25/2021,375233,377357,366401,367800,367800,2200
2/26/2021,370220,374490,363680,364580,364580,1900
3/1/2021,372555,378523,372176,377755,377755,2900
3/2/2021,378323,380000,376933,377835,377835,2300
3/3/2021,377573,385000,377500,381680,381680,2400
3/4/2021,380443,382254,368430,370240,370240,2600
3/5/2021,375823,383500,373595,381600,381600,2500
3/8/2021,385571,391853,383700,388560,388560,3000
3/9/2021,391168,397400,385800,391460,391460,3200
3/10/2021,394113,407750,392015,398840,398840,4200
3/11/2021,402495,402503,395062,396399,396399,3100
3/12/2021,397900,401171,394701,394701,394701,2400
3/15/2021,395785,395890,385131,386400,386400,3000
3/16/2021,387095,387155,379212,382720,382720,100
3/17/2021,382530,385832,380685,381501,381501,3300
3/18/2021,384998,388630,381000,383525,383525,2400
3/19/2021,382320,383613,377500,382698,382698,2500
3/22/2021,381808,382352,378393,380403,380403,2400
3/23/2021,379062,382000,376077,377440,377440,1500
3/24/2021,379202,382155,377520,378000,378000,1600
3/25/2021,378035,382600,374483,378700,378700,1700
3/26/2021,383298,390000,381382,387995,387995,1500
3/29/2021,384053,393484,383923,391540,391540,2000
3/30/2021,393665,394300,388811,390360,390360,1800
3/31/2021,388813,390300,385702,385702,385702,1700
4/1/2021,387979,390984,385702,390360,390360,1500
4/5/2021,392700,396770,392400,395535,395535,1800
4/6/2021,395913,397890,394838,396900,396900,1300
4/7/2021,395730,398000,394500,395888,395888,300
4/8/2021,395476,396985,393973,396001,396001,1100
4/9/2021,397126,400000,396122,400000,400000,1400
4/12/2021,401426,403421,400734,402620,402620,2000
4/13/2021,401668,403474,400372,402500,402500,1800
4/14/2021,402789,404150,402000,403000,403000,1800
4/15/2021,403338,404999,400835,404789,404789,1700
4/16/2021,405752,410400,405752,409250,409250,3000
4/19/2021,410748,410748,404676,406505,406505,2200
4/20/2021,404610,405340,401749,403089,403089,1700
4/21/2021,403656,410165,403603,410153,410153,1700
4/22/2021,409935,410000,405256,405901,405901,1800
4/23/2021,407088,410738,406611,408840,408840,1700
4/26/2021,410493,412474,407250,407527,407527,1900
4/27/2021,408144,412229,406482,411400,411400,1500
4/28/2021,410514,411811,409355,410988,410988,1600
4/29/2021,412758,417905,412000,417905,417905,2000
4/30/2021,415438,417144,412000,412500,412500,2100
5/3/2021,418962,422648,417272,420000,420000,3100
5/4/2021,419095,421850,410850,421420,421420,2600
5/5/2021,425220,427435,424306,424840,424840,3000
5/6/2021,426700,435744,426700,435120,435120,3200
5/7/2021,436188,445000,432827,437131,437131,2700
5/10/2021,439132,443275,439132,439460,439460,3200
5/11/2021,435581,436871,427913,430258,430258,2500
5/12/2021,428607,431200,423077,425308,425308,1800
5/13/2021,425536,433541,424100,430640,430640,2400
5/14/2021,433996,437413,433996,437260,437260,2100
5/17/2021,435915,436131,432747,434324,434324,1700
5/18/2021,435440,435960,431767,431767,431767,1300
5/19/2021,426931,430720,424575,430720,430720,1700
5/20/2021,432773,435000,429880,431422,431422,1600
5/21/2021,431656,435200,431000,432469,432469,1300
5/24/2021,435273,437001,433287,435431,435431,1300
5/25/2021,437298,438445,431784,432274,432274,1400
5/26/2021,434366,434366,429765,432800,432800,1500
5/27/2021,433250,436000,431175,435420,435420,1500
5/28/2021,435623,436430,433637,436000,436000,1300
6/1/2021,438718,439100,434255,435304,435304,1700
6/2/2021,437556,437950,434647,435639,435639,1900
6/3/2021,433050,440158,433050,438745,438745,2000
6/4/2021,441063,441063,437769,439016,439016,1400
6/7/2021,440598,440598,433962,434611,434611,1800
6/8/2021,435393,435458,429260,434510,434510,1500
6/9/2021,434718,435750,431310,433125,433125,1300
6/10/2021,435120,436618,427156,427156,427156,134800
6/11/2021,428558,431351,428000,430282,430282,1200
6/14/2021,430407,430407,423242,425880,425880,2100
6/15/2021,427440,427852,424614,426045,426045,1200
6/16/2021,425495,427584,422457,425645,425645,1400
6/17/2021,426946,427231,417025,420359,420359,1800
6/18/2021,415847,416335,409701,412729,412729,1900
6/21/2021,414843,419177,414044,417780,417780,1400
6/22/2021,418010,418875,415126,418875,418875,1300
6/23/2021,416750,417000,413485,413890,413890,1500
6/24/2021,414781,416864,413187,415000,415000,1200
6/25/2021,417416,420389,414967,419134,419134,1000
6/28/2021,420421,420965,415200,416304,416304,1600
6/29/2021,417100,418868,414945,417000,417000,1200
6/30/2021,415236,419265,415100,418601,418601,1000
7/1/2021,418708,421491,417270,421005,421005,1000
7/2/2021,423427,423427,419020,420000,420000,1300
7/6/2021,419066,419066,414000,416930,416930,1400
7/7/2021,415581,420505,415091,419401,419401,1100
7/8/2021,416268,417572,411000,411840,411840,1600
7/9/2021,414768,422300,414463,422000,422000,1200
7/12/2021,420711,424304,418689,420937,420937,1400
7/13/2021,421011,421525,418724,419820,419820,1000
7/14/2021,419806,422061,418000,418500,418500,1000
7/15/2021,417336,422103,417000,421350,421350,900
7/16/2021,421981,421981,417113,417601,417601,900
7/19/2021,413133,414230,407773,410450,410450,1600
7/20/2021,410308,418481,409983,416244,416244,1100
7/21/2021,418550,422688,417000,420055,420055,1000
7/22/2021,419971,420248,417650,417800,417800,900
7/23/2021,418856,421413,418220,419000,419000,800
7/26/2021,418380,422000,418380,419500,419500,1100
7/27/2021,419810,423000,417135,422309,422309,1100
7/28/2021,422250,423461,418230,418975,418975,1000
7/29/2021,419635,423209,419635,420676,420676,1000
7/30/2021,421770,422914,418105,418900,418900,900
8/2/2021,420985,424242,418287,418695,418695,1200
8/3/2021,420576,425000,416965,423706,423706,1100
8/4/2021,421988,422884,419743,419962,419962,1000
8/5/2021,421358,424000,419000,421306,421306,1100
8/6/2021,424426,430160,424103,430160,430160,1300
8/9/2021,433056,434298,430486,431881,431881,1600
8/10/2021,432690,435000,430470,434610,434610,1200
8/11/2021,434655,439163,434655,438160,438160,1300
8/12/2021,439121,439800,434846,436545,436545,1100
8/13/2021,437935,437935,432057,433124,433124,1200
8/16/2021,432443,435657,429462,435370,435370,1300
8/17/2021,434530,437551,433136,435610,435610,1000
8/18/2021,435175,436825,430651,430651,430651,900
8/19/2021,428190,431976,427590,428994,428994,1100
8/20/2021,429605,430543,427862,430007,430007,800
8/23/2021,432025,432528,425000,425000,425000,1000
8/24/2021,430686,431800,428000,430700,430700,900
8/25/2021,431705,434423,429585,432354,432354,800
8/26/2021,433588,433708,428957,429715,429715,900
8/27/2021,429873,431500,429332,430901,430901,700
8/30/2021,431060,431949,429134,429720,429720,1000
8/31/2021,429405,431000,428706,429900,429900,1000
9/1/2021,431181,433720,429000,430000,430000,1000
9/2/2021,429606,431317,428000,428640,428640,1000
9/3/2021,428825,428825,424201,424201,424201,1400
9/7/2021,424688,428103,419500,419851,419851,1800
9/8/2021,419733,421456,417925,420719,420719,1100
9/9/2021,420270,421490,419136,420285,420285,1000
9/10/2021,421028,421291,417942,417954,417954,900
9/13/2021,418510,422523,417687,420801,420801,1300
9/14/2021,422300,422500,416050,416996,416996,1500
9/15/2021,417358,419998,416629,419785,419785,900
9/16/2021,420170,420800,416215,419120,419120,800
9/17/2021,418705,421124,415000,416400,416400,1600
9/20/2021,411704,416000,409000,416000,416000,1800
9/21/2021,416571,416571,411281,412802,412802,1400
9/22/2021,415671,416762,411920,412081,412081,900
9/23/2021,414298,420949,413700,418390,418390,1100
9/24/2021,418475,420090,417561,418101,418101,900
9/27/2021,419638,422203,418928,420791,420791,900
9/28/2021,419976,423225,415395,416580,416580,1000
9/29/2021,417200,419719,415301,417165,417165,800
9/30/2021,419311,419735,411005,411379,411379,1300
10/1/2021,412915,417653,410099,414878,414878,1000
10/4/2021,415146,416804,411286,412540,412540,1400
10/5/2021,413313,420959,411659,418539,418539,900
10/6/2021,416406,421900,413662,421900,421900,1100
10/7/2021,424999,428655,423516,425431,425431,1200
10/8/2021,425643,428479,424000,427765,427765,1300
10/11/2021,427172,429786,423000,423000,423000,1600
10/12/2021,423252,424859,419000,419596,419596,1100
10/13/2021,417906,422180,415265,418402,418402,1200
10/14/2021,420866,427379,420750,423648,423648,1200
10/15/2021,429300,429300,424945,427701,427701,1200
10/18/2021,428950,428950,424001,426189,426189,1500
10/19/2021,429335,429500,425841,428105,428105,1300
10/20/2021,428113,433000,426111,432495,432495,1700
10/21/2021,432689,434800,429436,431680,431680,1400
10/22/2021,431720,436203,429715,435722,435722,1500
10/25/2021,435963,437145,433064,436401,436401,1800
10/26/2021,437165,439850,435446,437890,437890,1900
10/27/2021,437527,439229,433050,433050,433050,3200
10/28/2021,434703,436874,432516,436250,436250,2400
10/29/2021,435053,436512,431714,432902,432902,2100
11/1/2021,434513,435900,430522,430944,430944,2300
11/2/2021,434440,434654,429800,434245,434245,1700
11/3/2021,433425,435140,431164,435020,435020,1400
11/4/2021,436463,438299,429880,433102,433102,2000
11/5/2021,434887,437749,432114,434000,434000,1700
11/8/2021,439649,445000,434752,435200,435200,2800
11/9/2021,435345,437240,430099,431680,431680,2100
11/10/2021,431420,433409,428940,430602,430602,1700
11/11/2021,431800,434399,428694,429202,429202,1400
11/12/2021,432614,432899,427664,431575,431575,1200
11/15/2021,432193,434335,429079,429302,429302,1800
11/16/2021,429638,431849,427120,427702,427702,1500
11/17/2021,427651,429710,424201,426198,426198,1800
11/18/2021,428429,428429,422223,422702,422702,1600
11/19/2021,422901,424300,420000,423374,423374,1600
11/22/2021,425225,432000,422535,430100,430100,1900
11/23/2021,432837,435365,430100,434921,434921,2400
11/24/2021,434643,437139,431497,433333,433333,1500
11/26/2021,424233,429803,421091,427833,427833,1600
11/29/2021,429048,432135,425000,425260,425260,1900
11/30/2021,423823,426125,416546,416876,416876,1900
12/1/2021,421535,424669,415000,415660,415660,2000
12/2/2021,417776,422999,415526,420566,420566,1200
12/3/2021,421420,426000,416100,418676,418676,1700
12/6/2021,423201,428000,420000,426200,426200,1700
12/7/2021,430739,431679,426200,429830,429830,1300
12/8/2021,430115,432745,426000,427405,427405,1200
12/9/2021,428933,430650,425414,428402,428402,1300
12/10/2021,431254,435000,428402,435000,435000,1600
12/13/2021,435861,439700,430932,437730,437730,2100
12/14/2021,436865,446724,434981,446104,446104,2200
12/15/2021,445928,447794,441611,443702,443702,2500
12/16/2021,447540,454550,444655,454550,454550,2200
12/17/2021,448850,449949,441200,443304,443304,2300
12/20/2021,438290,439949,434055,437445,437445,1800
12/21/2021,441315,445379,439385,443000,443000,1300
12/22/2021,441460,444588,440300,444588,444588,1200
12/23/2021,445395,448250,443525,444654,444654,1500
12/27/2021,444205,447285,444020,447110,447110,2500
12/28/2021,447562,452244,446405,449570,449570,1500
12/29/2021,452370,453499,450655,452102,452102,1400
12/30/2021,453728,455000,452545,452700,452700,1600
12/31/2021,449945,455910,449945,450662,450662,1500
1/3/2022,452005,454800,451020,454300,454300,2700
1/4/2022,458675,466195,452376,465725,465725,2300
1/5/2022,468500,474181,466050,467274,467274,2200
1/6/2022,470900,473544,467236,473153,473153,1900
1/7/2022,474696,480888,472610,480000,480000,2400
1/10/2022,483800,483800,473373,477165,477165,2600
1/11/2022,479353,480935,473185,480340,480340,1700
1/12/2022,481190,483250,477094,481700,481700,1700
1/13/2022,482058,485800,481166,483872,483872,1800
1/14/2022,480280,486999,476336,485379,485379,2000
1/18/2022,484930,487255,477585,480081,480081,2800
1/19/2022,483000,484850,472560,473440,473440,1800
1/20/2022,473973,476625,466602,467390,467390,1800
1/21/2022,465040,466989,456623,458675,458675,2300
1/24/2022,449333,457999,445000,456901,456901,3700
1/25/2022,453012,464728,443402,461919,461919,2100
1/26/2022,466162,470770,460206,463652,463652,2000
1/27/2022,469000,473900,458201,461200,461200,1900
1/28/2022,462560,469880,456281,469880,469880,2000
1/31/2022,467665,470739,462151,469805,469805,2600
2/1/2022,469465,471888,465460,471184,471184,1900
2/2/2022,470620,480400,469001,479500,479500,1900
2/3/2022,478840,481029,472081,472536,472536,1600
2/4/2022,471990,476888,469101,473364,473364,2000
2/7/2022,474100,477350,468253,474900,474900,2000
2/8/2022,477670,484200,474112,482030,482030,1700
2/9/2022,485650,488400,482502,483900,483900,1800
2/10/2022,481000,483726,478000,480105,480105,1800
2/11/2022,481068,484850,476886,479370,479370,1600
2/14/2022,479208,481054,468563,472410,472410,2200
2/15/2022,475390,476980,472456,473980,473980,1500
2/16/2022,472983,475780,471401,474444,474444,1300
2/17/2022,474829,474829,469182,470655,470655,1400
2/18/2022,471528,473920,469091,472257,472257,1500
2/22/2022,470733,473460,466257,471418,471418,2400
2/23/2022,474975,475989,464400,465515,465515,1700
2/24/2022,452928,463490,450000,462110,462110,2800
2/25/2022,467598,482579,465326,479345,479345,2200
2/28/2022,476700,483638,473930,476205,476205,2400
3/1/2022,482000,482151,470645,475879,475879,1800
3/2/2022,479175,488765,477091,486109,486109,1600
3/3/2022,490797,494420,485855,491245,491245,1900
3/4/2022,485375,488298,480341,487440,487440,2000
3/7/2022,491039,492059,480888,484527,484527,2400
3/8/2022,486690,491500,476921,478025,478025,2000
3/9/2022,491339,491550,484184,488245,488245,1700
3/10/2022,484252,490800,482520,487820,487820,1600
3/11/2022,490155,497333,488551,489802,489802,1800
3/14/2022,493988,500023,491947,493785,493785,2900
3/15/2022,498673,501939,494023,498160,498160,2600
3/16/2022,502201,506029,497613,504036,504036,2500
3/17/2022,505385,518438,503641,518438,518438,2900
3/18/2022,515731,520654,508853,512991,512991,3500
3/21/2022,517231,526733,515970,525000,525000,3300
3/22/2022,526201,532530,523500,525854,525854,3700
3/23/2022,523066,528015,519151,521781,521781,3000
3/24/2022,528414,528817,523778,528817,528817,2100
3/25/2022,531088,538949,529981,538949,538949,2600
3/28/2022,540913,544000,533345,539180,539180,3800
3/29/2022,544389,544389,528750,532011,532011,3700
3/30/2022,531305,537371,527650,536440,536440,2300
3/31/2022,538660,540420,528921,528921,528921,2300
4/1/2022,530026,533139,523662,527760,527760,2600
4/4/2022,529375,532029,516593,518714,518714,4000
4/5/2022,520074,524425,516000,516000,516000,2400
4/6/2022,511475,520369,510241,517002,517002,2100
4/7/2022,519111,521855,513905,519760,519760,2000
4/8/2022,524139,531040,520276,529000,529000,2100
4/11/2022,528413,531880,524086,527590,527590,2400
4/12/2022,529165,531000,522693,524271,524271,2100
4/13/2022,524135,525900,517973,519800,519800,2000
4/14/2022,519163,521674,516435,516435,516435,1600
4/18/2022,516774,521019,514600,519499,519499,3300
4/19/2022,522339,524208,519001,523260,523260,4200
4/20/2022,525288,526699,521000,522901,522901,4500
4/21/2022,524394,526900,515000,515815,515815,3900
4/22/2022,515050,517444,504514,505440,505440,3500
4/25/2022,501835,509650,495150,506200,506200,4300
4/26/2022,506789,507419,497777,497777,497777,2800
4/27/2022,498093,502799,495069,496800,496800,2500
4/28/2022,497010,502329,494335,499000,499000,2700
4/29/2022,495206,500000,484340,484340,484340,3100
5/2/2022,485921,492125,470692,478150,478150,4100
5/3/2022,480541,487713,478150,481198,481198,2400
5/4/2022,486664,494343,477712,494343,494343,2400
5/5/2022,487900,493850,476748,481400,481400,2900
5/6/2022,482864,483795,475000,479500,479500,2500
5/9/2022,477825,478000,468902,471200,471200,3300
5/10/2022,478465,478750,466052,469780,469780,2400
5/11/2022,474535,476600,466725,468000,468000,2300
5/12/2022,460431,464845,454670,461631,461631,3000
5/13/2022,466106,469144,462327,465011,465011,2400
5/16/2022,465135,468058,461007,464250,464250,1800
5/17/2022,470771,478709,468331,471670,471670,2200
5/18/2022,471053,473285,458620,461000,461000,2500
5/19/2022,457940,459694,452000,456031,456031,3300
5/20/2022,462425,462425,448108,456500,456500,2400
5/23/2022,462639,469080,459371,464510,464510,2300
5/24/2022,465580,465580,455721,463606,463606,1900
5/25/2022,462230,466541,459141,462890,462890,1700
5/26/2022,465146,471602,464951,468805,468805,1800
5/27/2022,472795,478670,470021,478670,478670,1900
5/31/2022,477890,479309,472110,474050,474050,2900
6/1/2022,476594,476594,464900,469620,469620,2100
6/2/2022,472134,472886,463312,472710,472710,2100
6/3/2022,469925,471789,465850,467650,467650,1900
6/6/2022,472900,473900,467632,468400,468400,2000
6/7/2022,467650,471500,464551,471500,471500,1800
6/8/2022,472090,472090,462301,463300,463300,2100
6/9/2022,464275,464275,451757,452260,452260,2000
6/10/2022,448000,448500,439005,439780,439780,2700
6/13/2022,432489,433869,422438,423700,423700,3200
6/14/2022,421651,428220,414200,415500,415500,2300
6/15/2022,423688,426715,411427,418600,418600,2200
6/16/2022,413375,413375,400669,403971,403971,2800
6/17/2022,406209,406209,399022,403150,403150,2200
6/21/2022,412749,412749,405700,407800,407800,2700
6/22/2022,402568,410483,400741,405649,405649,1900
6/23/2022,406413,408499,396500,402300,402300,2600
6/24/2022,405489,419859,402550,417401,417401,2100
6/27/2022,423279,424085,416750,417700,417700,2400
6/28/2022,421977,423728,411287,412170,412170,1900
6/29/2022,415239,415239,410000,411050,411050,1600
6/30/2022,407634,412869,403567,408950,408950,1700
7/1/2022,407700,417869,407700,415850,415850,1700
7/5/2022,414924,414924,407993,413844,413844,2600
7/6/2022,415539,416500,409661,414148,414148,1700
7/7/2022,416843,419825,415832,419200,419200,2000
7/8/2022,421258,424200,418977,421800,421800,2000
7/11/2022,420824,422550,417250,417900,417900,2500
7/12/2022,415405,423700,415405,416449,416449,1700
7/13/2022,413910,420795,411385,417250,417250,1800
7/14/2022,412499,413500,407734,412600,412600,2000
7/15/2022,416157,420500,414694,418349,418349,1700
7/18/2022,423459,423625,412864,414450,414450,2800
7/19/2022,421539,426598,417309,425110,425110,2200
7/20/2022,425260,430059,425260,429200,429200,2200
7/21/2022,432039,432789,423600,430900,430900,2300
7/22/2022,434424,434808,425911,429562,429562,2000
7/25/2022,432249,434030,428185,432579,432579,2500
7/26/2022,431963,433733,427415,428644,428644,1900
7/27/2022,431500,437783,429290,436100,436100,1900
7/28/2022,436773,442000,430815,442000,442000,2200
7/29/2022,446035,453985,443617,451700,451700,2900
8/1/2022,451989,451989,443000,444650,444650,3400
8/2/2022,445734,445734,438650,439180,439180,2300
8/3/2022,443964,444851,437005,443450,443450,2600
8/4/2022,444294,445200,440875,442149,442149,2600
8/5/2022,438635,443384,436510,439529,439529,2300
8/8/2022,445259,450000,439010,439167,439167,3100
8/9/2022,441378,447370,438665,440058,440058,2200
8/10/2022,445300,446904,441500,442800,442800,2300
8/11/2022,448839,448869,444701,445302,445302,2300
8/12/2022,448193,453059,446132,452697,452697,2400
8/15/2022,450929,456992,446866,455170,455170,3100
8/16/2022,459224,463000,456000,461300,461300,2700
8/17/2022,459959,461269,454105,457277,457277,2500
8/18/2022,458178,458178,453347,457400,457400,2200
8/19/2022,457004,457004,446512,447155,447155,2600
8/22/2022,444239,444239,432452,433650,433650,3600
8/23/2022,436408,438274,432739,435730,435730,2200
8/24/2022,436625,442318,435010,442210,442210,2200
8/25/2022,444694,448000,440222,448000,448000,2200
8/26/2022,448973,450868,435770,436201,436201,2500
8/29/2022,435064,435803,429487,433300,433300,3200
8/30/2022,436039,436594,428122,429700,429700,2200
8/31/2022,431745,433325,421308,421308,421308,2500
9/1/2022,421000,424907,416882,424290,424290,2500
9/2/2022,429439,429439,415362,417940,417940,2600
9/6/2022,419989,420248,414285,416860,416860,3300
9/7/2022,417000,423246,412675,422047,422047,2100
9/8/2022,420723,426850,416794,426850,426850,2100
9/9/2022,428918,431348,426000,429819,429819,2300
9/12/2022,432133,434577,429671,433062,433062,3000
9/13/2022,427939,428446,417599,418700,418700,2900
9/14/2022,419878,421200,414247,420500,420500,2700
9/15/2022,418509,423305,415622,417103,417103,2500
9/16/2022,415200,416251,412100,414537,414537,2500
9/19/2022,411561,421339,410892,421339,421339,3200
9/20/2022,419708,419869,414501,419869,419869,2400
9/21/2022,423754,423754,407585,407930,407930,2500
9/22/2022,408263,409684,405000,405375,405375,2700
9/23/2022,403477,404799,399450,404485,404485,3100
9/26/2022,401234,404499,397787,399128,399128,3400
9/27/2022,402858,404000,395202,401490,401490,3000
9/28/2022,404133,414000,400342,410705,410705,2500
9/29/2022,409808,412716,401227,406700,406700,2800
9/30/2022,406833,413174,404072,406470,406470,2700
10/3/2022,409435,414650,405116,413300,413300,3200
10/4/2022,419663,425535,417422,424180,424180,2500
10/5/2022,419406,423915,416842,420667,420667,2200
10/6/2022,422904,422904,415945,416300,416300,2100
10/7/2022,413767,415639,403600,406010,406010,2400
10/10/2022,407071,408699,401591,403000,403000,3400
10/11/2022,401645,409610,400332,402836,402836,2100
10/12/2022,404106,405249,399251,399251,399251,2700
10/13/2022,394152,417860,393012,415222,415222,2600
10/14/2022,419359,421651,412760,412760,412760,4000
10/17/2022,420553,421848,416837,419101,419101,3400
10/18/2022,427925,431340,423923,428465,428465,2800
10/19/2022,427233,430415,419630,421610,421610,2200
10/20/2022,421045,423875,413950,413950,413950,2200
10/21/2022,413212,428230,410112,427170,427170,2400
10/24/2022,428849,437725,427787,432500,432500,3800
10/25/2022,436233,437829,432873,436400,436400,2400
10/26/2022,438228,440405,434601,435660,435660,2500
10/27/2022,438783,468795,415639,437900,437900,2400
10/28/2022,441662,451970,440052,451900,451900,2900
10/31/2022,449277,450838,444750,445050,445050,3800
11/1/2022,450141,452079,441880,443004,443004,2400
11/2/2022,439612,449942,437255,438700,438700,2600
11/3/2022,432450,434428,428465,428800,428800,2500
11/4/2022,434463,437250,426136,432000,432000,2700
11/7/2022,439035,442216,434837,438575,438575,3600
11/8/2022,440405,445435,436312,442100,442100,2500
11/9/2022,441802,444168,434925,435945,435945,2600
11/10/2022,448491,458385,444918,457665,457665,3200
11/11/2022,460358,471870,456962,469047,469047,3300
11/14/2022,471809,472470,464516,466600,466600,4000
11/15/2022,474063,474483,464625,468233,468233,2900
11/16/2022,470628,471328,463401,465520,465520,2600
11/17/2022,460785,465000,459043,463695,463695,2600
11/18/2022,469643,469643,465395,468290,468290,2700
11/21/2022,467817,471915,464865,468922,468922,3900
11/22/2022,470609,477410,469217,476980,476980,2800
11/23/2022,476823,477530,473716,477020,477020,2900
11/25/2022,480350,481580,476281,478676,478676,2700
11/28/2022,474511,478839,471000,472712,472712,4000
11/29/2022,471118,475971,468796,475843,475843,2600
11/30/2022,476094,480302,466100,480280,480280,3200
12/1/2022,481043,483162,472864,477085,477085,2900
12/2/2022,472705,477526,470680,477403,477403,2800
12/5/2022,475080,476689,466160,468700,468700,4100
12/6/2022,467175,469659,462422,464838,464838,2700
12/7/2022,464303,467081,460408,461593,461593,2900
12/8/2022,462436,464619,460612,462780,462780,2600
12/9/2022,461773,466120,459402,463000,463000,2800
12/12/2022,465650,471235,461796,471080,471080,3900
12/13/2022,482503,483393,469410,472000,472000,3000
12/14/2022,473079,477700,466452,468020,468020,2900
12/15/2022,464249,464249,452975,457460,457460,3400
12/16/2022,453163,457890,450050,454620,454620,3000
12/19/2022,456494,457244,450245,455280,455280,3800
12/20/2022,457049,460698,446545,457400,457400,2700
12/21/2022,463000,469220,459151,467600,467600,3000
12/22/2022,465427,469810,450709,458700,458700,3200
12/23/2022,458596,463510,455892,463400,463400,2800
12/27/2022,475795,476155,461000,461955,461955,4500
12/28/2022,465000,465235,445251,459800,459800,3000
12/29/2022,462715,470000,460730,468725,468725,3000
12/30/2022,469317,469317,462800,468711,468711,3400
1/3/2023,472950,473990,465020,469525,469525,5300
1/4/2023,477479,479897,470151,476260,476260,3700
1/5/2023,481229,481229,469228,473660,473660,3400
1/6/2023,475990,484151,473300,481955,481955,3900
1/9/2023,483575,487989,476653,478385,478385,5500
1/10/2023,476224,479698,474512,479420,479420,3500
1/11/2023,482167,484897,478730,483990,483990,3600
1/12/2023,486177,488688,480600,482860,482860,3800
1/13/2023,482430,482430,478000,481021,481021,3900
1/17/2023,481590,483993,475695,476000,476000,5700
1/18/2023,477497,479229,465831,466260,466260,4100
1/19/2023,462498,465065,460233,461950,461950,3600
1/20/2023,463914,469755,460635,469645,469645,3800
1/23/2023,471129,473025,464929,469600,469600,5300
1/24/2023,465721,473445,465720,471000,471000,3500
1/25/2023,468228,472800,464975,471657,471657,3800
1/26/2023,474037,475336,468469,469960,469960,3900
1/27/2023,468410,472885,466576,470000,470000,4200
1/30/2023,466790,469540,464932,465040,465040,5300
1/31/2023,467724,473000,463085,473000,473000,3900
2/1/2023,469923,473690,464527,470606,470606,4400
2/2/2023,473852,474898,467055,472115,472115,4600
2/3/2023,471303,471795,462757,466755,466755,4600
2/6/2023,465407,467096,462434,467000,467000,5000
2/7/2023,467394,475500,463820,474555,474555,4100
2/8/2023,471620,475125,467125,467999,467999,4000
2/9/2023,470094,472222,466020,466020,466020,3700
2/10/2023,466217,472500,463632,472250,472250,4100
2/13/2023,469036,477979,469036,476500,476500,5500
2/14/2023,478387,478387,470145,472500,472500,3900
2/15/2023,473091,473091,467800,469045,469045,4300
2/16/2023,466586,470625,465037,467295,467295,3800
2/17/2023,473104,473104,462482,467373,467373,4000
2/21/2023,464947,466575,455290,458495,458495,6400
2/22/2023,459152,463635,457927,460012,460012,4100
2/23/2023,463105,463830,455627,459375,459375,4100
2/24/2023,456300,464013,454955,461705,461705,4600
2/27/2023,462910,463950,458090,461912,461912,6500
2/28/2023,462524,464530,459970,463525,463525,4000
3/1/2023,460829,463618,458442,462435,462435,4200
3/2/2023,461964,467007,457179,466790,466790,4000
3/3/2023,469298,473427,467448,473256,473256,4500
3/6/2023,476182,480945,472486,480215,480215,6300
3/7/2023,479733,481824,470255,471500,471500,4400
3/8/2023,471518,474129,468800,472002,472002,4000
3/9/2023,471004,474834,460924,461030,461030,4200
3/10/2023,460775,464750,457232,460462,460462,4500
3/13/2023,457112,464055,455250,458050,458050,6000
3/14/2023,464928,465670,457000,461805,461805,4100
3/15/2023,455001,456729,446275,448671,448671,5200
3/16/2023,447520,458758,445695,455350,455350,5100
3/17/2023,453738,455608,442363,442765,442765,5300
3/20/2023,446749,456840,444894,455917,455917,6000
3/21/2023,462471,463854,458600,460515,460515,4500
3/22/2023,461085,465552,454712,455660,455660,4200
3/23/2023,457527,459924,449950,452750,452750,4300
3/24/2023,448612,455820,445886,453066,453066,4500
3/27/2023,456216,460931,453852,457820,457820,5500
3/28/2023,458031,459443,456117,459000,459000,3900
3/29/2023,461814,463604,459979,462100,462100,4000
3/30/2023,468029,468029,457562,461780,461780,4200
3/31/2023,462416,466805,461434,465600,465600,4400
4/3/2023,468875,471770,465570,469760,469760,6500
4/4/2023,472053,472053,464855,467660,467660,4300
4/5/2023,467140,472000,464694,471500,471500,5100
4/6/2023,473479,478581,467601,478005,478005,5100
4/10/2023,474804,485000,471706,476500,476500,7200
4/11/2023,476618,483720,474227,480800,480800,4700
4/12/2023,484184,486980,482018,483500,483500,5100
4/13/2023,483904,500000,481321,490760,490760,5500
4/14/2023,493920,500001,489776,496000,496000,5800
4/17/2023,485731,503735,485731,497900,497900,6700
4/18/2023,492571,505949,492571,496200,496200,5000
4/19/2023,497800,497800,491590,494948,494948,4600
4/20/2023,492897,497371,488221,496300,496300,4600
4/21/2023,495307,499079,492891,496405,496405,4800
4/24/2023,496363,500279,494659,498250,498250,6100
4/25/2023,495901,499975,494619,495112,495112,4900
4/26/2023,496824,499999,490350,491500,491500,4800
4/27/2023,497200,500000,492072,499700,499700,4700
4/28/2023,497818,503000,495916,502880,502880,5400
5/1/2023,502856,506000,501485,503400,503400,7400
5/2/2023,503408,505320,492584,494100,494100,5700
5/3/2023,496237,498452,488606,488606,488606,5200
5/4/2023,490456,497864,486821,489540,489540,5100
5/5/2023,494407,497080,490000,491840,491840,5700
5/8/2023,497248,502055,495500,497000,497000,7200
5/9/2023,495001,499000,492495,499000,499000,5200
5/10/2023,500010,502278,488675,492000,492000,6000
5/11/2023,489430,493000,487000,493000,493000,5000
5/12/2023,494997,497781,488991,491182,491182,5100
5/15/2023,492844,497580,489001,495900,495900,7300
5/16/2023,493583,499999,490756,498620,498620,6600
5/17/2023,498176,503000,494787,500600,500600,6000
5/18/2023,502450,505420,498125,504360,504360,5900
5/19/2023,505890,511335,503905,507161,507161,6400
5/22/2023,506673,509654,500697,501148,501148,9700
5/23/2023,499999,502200,490950,491980,491980,6100
5/24/2023,491536,494039,484394,486545,486545,6000
5/25/2023,484591,490300,482500,484000,484000,5700
5/26/2023,486972,489900,484811,486650,486650,5800
5/30/2023,489006,490572,484736,489225,489225,8100
5/31/2023,488339,490541,485565,488024,488024,5700
6/1/2023,489307,492791,486125,492000,492000,5700
6/2/2023,494932,503777,493283,503000,503000,6500
6/5/2023,502086,505613,497500,498927,498927,5700
6/6/2023,499063,509400,497601,508200,508200,6100
6/7/2023,509406,512695,504649,511795,511795,6200
6/8/2023,511667,513851,509750,512514,512514,5900
6/9/2023,512625,515000,510391,510840,510840,6200
6/12/2023,511725,515739,504490,509004,509004,8300
6/13/2023,507627,514000,505531,513656,513656,5900
6/14/2023,519500,521898,509268,510000,510000,6800
6/15/2023,514770,522000,510000,516391,516391,6500
6/16/2023,522000,522000,513368,514000,514000,6500
6/20/2023,515413,518314,512436,515000,515000,8400
6/21/2023,514802,519722,512636,515515,515515,6700
6/22/2023,516040,519064,509058,511480,511480,6500
6/23/2023,513634,513634,507100,510000,510000,6200
6/26/2023,507861,512132,504112,507000,507000,8300
6/27/2023,507983,511295,506537,510580,510580,5500
6/28/2023,511385,512479,505000,506650,506650,6500
6/29/2023,508229,512260,506527,512260,512260,5900
6/30/2023,514571,520500,513645,517810,517810,6900
7/3/2023,519086,520000,514585,519460,519460,8200
7/5/2023,518015,522340,515001,521000,521000,7700
7/6/2023,517297,521000,513874,519800,519800,6200
7/7/2023,519226,525000,517617,521620,521620,6600
7/10/2023,520365,525412,516953,517136,517136,9000
7/11/2023,518197,522055,516914,521385,521385,6300
7/12/2023,523772,526000,522315,525400,525400,6600
7/13/2023,525806,527367,521758,521833,521833,6900
7/14/2023,524262,525907,517294,517408,517408,7100
7/17/2023,518472,525000,516972,523500,523500,8500
7/18/2023,523265,528000,521743,524750,524750,6400
7/19/2023,523858,528554,519753,520500,520500,7100
7/20/2023,520374,526938,518403,526240,526240,6700
7/21/2023,526401,529825,523925,527750,527750,7600
7/24/2023,532484,535433,524251,532647,532647,9500
7/25/2023,532268,534299,526271,528453,528453,7000
7/26/2023,529063,533000,526126,531900,531900,6500
7/27/2023,533273,535555,531500,531650,531650,6600
7/28/2023,534222,536563,531889,533113,533113,6900
7/31/2023,535187,538499,532000,535400,535400,9000
8/1/2023,540179,540179,533101,534400,534400,7100
8/2/2023,533879,535561,531000,533800,533800,6900
8/3/2023,532482,541000,531000,541000,541000,6800
8/4/2023,540021,541774,532550,533600,533600,7700
8/7/2023,540676,555800,538323,551920,551920,11300
8/8/2023,547683,554000,545087,553101,553101,8100
8/9/2023,554551,556117,543250,545280,545280,7900
8/10/2023,547904,551500,540995,543680,543680,7000
8/11/2023,541216,545042,536800,542900,542900,7400
8/14/2023,544441,546225,541465,543150,543150,8700
8/15/2023,542377,544493,536555,538107,538107,6800
8/16/2023,537721,544050,535939,537497,537497,6900
8/17/2023,537859,541182,529000,535821,535821,6800
8/18/2023,533891,537715,531970,535817,535817,7200
8/21/2023,537448,539061,531000,534700,534700,9200
8/22/2023,535932,537000,530865,531840,531840,6800
8/23/2023,533076,537811,531294,537150,537150,6400
8/24/2023,537308,541885,535111,537780,537780,6600
8/25/2023,540973,542000,535850,540000,540000,7000
8/28/2023,542060,544160,538000,539605,539605,9000
8/29/2023,539294,543900,537000,543593,543593,7000
8/30/2023,544250,551278,542615,547348,547348,7400
8/31/2023,549652,551113,545082,546725,546725,7600
9/1/2023,548601,550995,546454,550000,550000,8200
9/5/2023,551497,557027,546000,546627,546627,10700
9/6/2023,546197,550112,544520,548660,548660,7600
9/7/2023,544902,551327,544902,548930,548930,7400
9/8/2023,549384,553220,547336,551405,551405,7400
9/11/2023,553847,556900,552243,555309,555309,10000
9/12/2023,554000,561662,554000,557415,557415,8300
9/13/2023,560065,562459,555001,557955,557955,7700
9/14/2023,560729,562481,558568,561740,561740,7600
9/15/2023,559749,563136,557471,559500,559500,8300
9/18/2023,559862,563445,557962,562800,562800,10100
9/19/2023,563542,566570,559100,563073,563073,7800
9/20/2023,563549,564862,556250,556580,556580,7900
9/21/2023,555476,558032,550500,551030,551030,7800
9/22/2023,551304,553097,545410,546215,546215,8100
9/25/2023,544977,549032,542482,548360,548360,9500
9/26/2023,545104,547380,543213,545870,545870,7300
9/27/2023,546982,548652,537500,542495,542495,7900
9/28/2023,542978,545360,540875,541105,541105,7000
9/29/2023,542758,544264,529000,531477,531477,8800
10/2/2023,531214,532938,524000,527960,527960,10700
10/3/2023,527206,529952,519300,521919,521919,7600
10/4/2023,520739,522783,515110,521675,521675,7800
10/5/2023,522287,524935,519650,523545,523545,7200
10/6/2023,524162,529080,518565,525425,525425,7900
10/9/2023,520964,525070,520000,523690,523690,9400
10/10/2023,527976,530500,524065,528530,528530,7300
10/11/2023,531440,533864,523175,528820,528820,7700
10/12/2023,528765,530440,520550,524517,524517,7500
10/13/2023,525493,528798,522000,522700,522700,7400
10/16/2023,527957,531300,525380,527475,527475,9100
10/17/2023,525924,530475,524000,527750,527750,7100
10/18/2023,526116,528031,517200,518145,518145,7600
10/19/2023,518293,520675,514425,515550,515550,7000
10/20/2023,514438,517954,508815,511000,511000,7800
10/23/2023,508564,515890,507122,512500,512500,8900
10/24/2023,514760,516975,513072,516250,516250,6700
10/25/2023,514932,516735,511750,512400,512400,7100
10/26/2023,512653,515000,508321,510125,510125,7200
10/27/2023,509479,511180,502000,503375,503375,7900
10/30/2023,505703,513700,504050,513065,513065,8800
10/31/2023,513630,518780,512036,517825,517825,6600
11/1/2023,517662,538000,515921,523749,523749,7400
11/2/2023,527362,530800,523701,530340,530340,7100
11/3/2023,533032,537565,531024,533815,533815,8000
11/6/2023,538674,541143,522208,526450,526450,11200
11/7/2023,525816,528200,522475,525280,525280,7300
11/8/2023,525821,528000,523050,526660,526660,7300
11/9/2023,528812,531125,526310,528225,528225,7100
11/10/2023,531935,535945,527926,531886,531886,7800
11/13/2023,533683,537355,528925,531288,531288,9400
11/14/2023,535813,540000,532756,537400,537400,7200
11/15/2023,538345,543615,536701,542500,542500,7600
11/16/2023,543156,548200,539766,546635,546635,7300
11/17/2023,547922,550000,542850,544190,544190,8000
11/20/2023,544468,550765,542867,547836,547836,9900
11/21/2023,546992,550664,545180,547625,547625,7200
11/22/2023,549224,550843,546403,549520,549520,7300
11/24/2023,549943,550995,547900,549500,549500,7700
11/27/2023,549505,553258,545425,547445,547445,9900
11/28/2023,547930,549189,545882,546869,546869,6900
11/29/2023,546952,548750,543615,543905,543905,7600
11/30/2023,544762,546796,543600,545900,545900,7400
12/1/2023,545957,547067,538805,542414,542414,8900
12/4/2023,541161,543114,537000,542395,542395,10100
12/5/2023,539845,545980,535140,539250,539250,7500
12/6/2023,542181,544350,535220,535220,535220,7500
12/7/2023,536072,538820,533700,537780,537780,7000
12/8/2023,538004,542144,534914,540000,540000,7600
12/11/2023,540632,550000,535881,546907,546907,10400
12/12/2023,545954,554000,545797,549240,549240,7900
12/13/2023,551682,556730,549373,555800,555800,7800
12/14/2023,558014,560513,546540,549760,549760,8100
12/15/2023,547249,550780,538512,544478,544478,8400
12/18/2023,546524,555375,545079,551182,551182,10500
12/19/2023,552722,556367,549720,554650,554650,7500
12/20/2023,553885,556000,543000,543740,543740,8100
12/21/2023,545138,547495,538260,541000,541000,7700
12/22/2023,543209,546100,540177,542600,542600,7800
12/26/2023,541225,546000,540786,543635,543635,10900
12/27/2023,543003,545187,540226,543750,543750,7600
12/28/2023,543683,548889,540005,545000,545000,7400
12/29/2023,543924,545173,540100,542625,542625,8100
1/2/2024,539496,550500,539496,549787,549787,12000
1/3/2024,549272,557900,547106,556050,556050,9500
1/4/2024,557707,560400,551100,551550,551550,9100
1/5/2024,555300,555684,549896,554300,554300,8100
1/8/2024,558068,558830,552240,558780,558780,10900
1/9/2024,558396,559315,553270,556500,556500,7800
1/10/2024,556223,560985,555000,557590,557590,8000
1/11/2024,557553,558534,550000,551695,551695,8300
1/12/2024,556150,556975,550000,551800,551800,8100
1/16/2024,551287,551713,546077,547520,547520,11900
1/17/2024,545847,549845,543236,545250,545250,8400
1/18/2024,546102,549850,543375,549477,549477,7800
1/19/2024,549451,558685,547750,556710,556710,8800
1/22/2024,557031,560960,555730,558316,558316,11600
1/23/2024,558555,564810,557245,564133,564133,8600
1/24/2024,565053,572728,564000,570977,570977,9600
1/25/2024,576436,577252,571800,576211,576211,9300
1/26/2024,577154,582896,574800,582300,582300,10000
1/29/2024,582248,585349,572375,578800,578800,13800
1/30/2024,577853,584765,575246,584680,584680,9800
1/31/2024,583773,585140,578020,578020,578020,9700
2/1/2024,579638,582500,575060,581600,581600,9800
2/2/2024,582190,590000,579791,589498,589498,10600
2/5/2024,588726,592665,585090,589404,589404,13500
2/6/2024,588028,593000,586418,592370,592370,10000
2/7/2024,593795,600531,592933,599300,599300,10900
2/8/2024,596493,600000,594510,597000,597000,10600
2/9/2024,597889,599090,595720,599090,599090,10500
2/12/2024,600015,600635,596000,597092,597092,14000
2/13/2024,598179,601000,590340,593850,593850,10800
2/14/2024,595655,601000,592755,601000,601000,10300
2/15/2024,602694,608500,600000,607000,607000,11400
2/16/2024,607983,612395,605721,610086,610086,12600
2/20/2024,611884,619237,611020,613140,613140,20300
2/21/2024,613998,617550,612052,617011,617011,12700
2/22/2024,620749,626947,617661,625510,625510,13300
2/23/2024,629210,632820,626900,628930,628930,14200
2/26/2024,634902,647039,615356,615356,615356,20800
2/27/2024,616959,619849,605000,617300,617300,14600
2/28/2024,614827,625000,613777,621055,621055,13300
2/29/2024,623019,624775,615150,616561,616561,13600
3/1/2024,617727,619399,611185,613965,613965,14500
3/4/2024,611956,613909,605000,608140,608140,18300
3/5/2024,607378,608719,600401,604619,604619,13400
